{"metadata":{"usedHelpers":[],"marked":[],"modules":{"imports":[],"exports":{"exported":[],"specifiers":[]}}},"options":{"filename":"/main.js","filenameRelative":"/main.js","env":{"development":{"plugins":[]}},"retainLines":false,"highlightCode":true,"suppressDeprecationMessages":false,"presets":[],"plugins":[[[],{"polyfill":false}],[[],null],[[],null],[[],{"allowTopLevelThis":true,"strict":false,"loose":true}],[[],null],[[],null],[[],null],[[],null],[[],null],[[],null],[[],null],[[],null],[[],null],[[],null],[[],null],[[],null],[[],null],[[],{"loose":true}],[[],{"loose":true}],[[],null],[[],{"loose":true}],[[],null],[[],null],[[],null],[[],null],[[],null],[[],null],[[],{"loose":true}],[[],null],[[],null],[[],null],[[],null],[[],null],[[],null],[[],null]],"ignore":[],"code":true,"metadata":true,"ast":false,"comments":true,"compact":false,"minified":false,"sourceMap":true,"sourceMaps":true,"sourceMapTarget":"/main.js.map","sourceFileName":"/main.js","babelrc":false,"sourceType":"module","moduleIds":false,"passPerPreset":false,"parserOpts":false,"generatorOpts":false,"basename":"main"},"ignored":false,"code":"//making an express applicatyion so it can be triggered\n//in a variable called app aka IMPORTING THE EXPRESS MODULE\nvar express = require('express');\n\nvar app = express();\nvar server = app.listen(9098); //telling the server to host the files in public\n\napp.use(express.static('public'));\nconsole.log(\"yasss b! server running\");\n\nvar socket = require('socket.io'); //io is going to keep track of incoming and outgoing messages \n\n\nvar io = socket(server); //if you have a new connection(from the socket)\n\nio.sockets.on('connection', newConnection);\n\nfunction newConnection(socket) {\n\t//every new connection to the server gets assigned an id automatically\n\tconsole.log('new connection: ' + socket.id);\n\tsocket.on('mouse', messagefromouse);\n\n\tfunction messagefromouse(boardata) {\n\t\t//data goes to everyone connected\n\t\tsocket.broadcast.emit('mouse', boardata);\n\t\tconsole.log(boardata);\n\t}\n}","ast":null,"map":{"version":3,"sources":["/main.js"],"names":["express","require","app","server","listen","use","static","console","log","socket","io","sockets","on","newConnection","id","messagefromouse","boardata","broadcast","emit"],"mappings":"AAAA;AACA;AACA,IAAIA,UAAUC,QAAQ,SAAR,CAAd;;AACA,IAAIC,MAAMF,SAAV;AACA,IAAIG,SAASD,IAAIE,MAAJ,CAAW,IAAX,CAAb,C,CACA;;AACAF,IAAIG,GAAJ,CAAQL,QAAQM,MAAR,CAAe,QAAf,CAAR;AACAC,QAAQC,GAAR,CAAY,yBAAZ;;AACA,IAAIC,SAASR,QAAQ,WAAR,CAAb,C,CACA;;;AACA,IAAIS,KAAKD,OAAON,MAAP,CAAT,C,CACA;;AACAO,GAAGC,OAAH,CAAWC,EAAX,CAAc,YAAd,EAA4BC,aAA5B;;AACA,SAASA,aAAT,CAAuBJ,MAAvB,EAA8B;AAC7B;AACAF,SAAQC,GAAR,CAAY,qBAAoBC,OAAOK,EAAvC;AAEAL,QAAOG,EAAP,CAAU,OAAV,EAAmBG,eAAnB;;AAEA,UAASA,eAAT,CAAyBC,QAAzB,EAAkC;AACjC;AACAP,SAAOQ,SAAP,CAAiBC,IAAjB,CAAsB,OAAtB,EAA+BF,QAA/B;AACAT,UAAQC,GAAR,CAAYQ,QAAZ;AACA;AACD","file":"/main.js.map","sourcesContent":["//making an express applicatyion so it can be triggered\n//in a variable called app aka IMPORTING THE EXPRESS MODULE\nvar express = require('express');\nvar app = express();\nvar server = app.listen(9098);\n//telling the server to host the files in public\napp.use(express.static('public'));\nconsole.log(\"yasss b! server running\");\nvar socket = require('socket.io');\n//io is going to keep track of incoming and outgoing messages \nvar io = socket(server);\n//if you have a new connection(from the socket)\nio.sockets.on('connection', newConnection);\nfunction newConnection(socket){\n\t//every new connection to the server gets assigned an id automatically\n\tconsole.log('new connection: '+ socket.id);\n\t\n\tsocket.on('mouse', messagefromouse);\n\t\n\tfunction messagefromouse(boardata){\n\t\t//data goes to everyone connected\n\t\tsocket.broadcast.emit('mouse', boardata);\n\t\tconsole.log(boardata);\n\t}\n}"]},"hash":"0cbb9167932b9a63e7944361cc4bea0b5ec39836"}
