{"metadata":{"usedHelpers":[],"marked":[],"modules":{"imports":[],"exports":{"exported":[],"specifiers":[]}}},"options":{"filename":"/client/notmain.js","filenameRelative":"/client/notmain.js","env":{"development":{"plugins":[]}},"retainLines":false,"highlightCode":true,"suppressDeprecationMessages":false,"presets":[],"plugins":[[[],{"polyfill":false}],[[],null],[[],null],[[],{"allowTopLevelThis":true,"strict":false,"loose":true}],[[],null],[[],null],[[],null],[[],null],[[],null],[[],null],[[],null],[[],null],[[],null],[[],null],[[],null],[[],null],[[],null],[[],{"loose":true}],[[],{"loose":true}],[[],null],[[],{"loose":true}],[[],null],[[],null],[[],null],[[],null],[[],null],[[],null],[[],{"loose":true}],[[],null],[[],null],[[],null],[[],null],[[],null],[[],null],[[],null]],"ignore":[],"code":true,"metadata":true,"ast":false,"comments":true,"compact":false,"minified":false,"sourceMap":true,"sourceMaps":true,"sourceMapTarget":"/client/notmain.js.map","sourceFileName":"/client/notmain.js","babelrc":false,"sourceType":"module","moduleIds":false,"passPerPreset":false,"parserOpts":false,"generatorOpts":false,"basename":"notmain"},"ignored":false,"code":"var Template = void 0;\nmodule.import('meteor/templating', {\n\t\"Template\": function (v) {\n\t\tTemplate = v;\n\t}\n}, 0);\nvar Mongo = void 0;\nmodule.import('meteor/mongo', {\n\t\"Mongo\": function (v) {\n\t\tMongo = v;\n\t}\n}, 1);\nvar ReactiveVar = void 0;\nmodule.import('meteor/reactive-var', {\n\t\"ReactiveVar\": function (v) {\n\t\tReactiveVar = v;\n\t}\n}, 2);\nmodule.import('./main.html');\n//import '../imports/ui/body.js';\nBoard = new Mongo.Collection('board'); //Saves board information to Collection\n\nif (Meteor.isClient) {\n\tTemplate.bname.events({\n\t\t'click .submit': function () {\n\t\t\tBoard.insert({\n\t\t\t\tinfo: $('.boardname').val()\n\t\t\t});\n\t\t\t$('.boardname').val('');\n\t\t}\n\t});\n}\n\nRouter.configure({\n\tlayoutTemplate: \"main\"\n}); //define routes\n\nRouter.route('/', {\n\tname: 'home',\n\t//defining the template option in the JSON format\n\ttemplate: 'home'\n});\nRouter.route('/startboard');\nvar board_canvas = document.getElementById(\"board\");\nvar paper = board_canvas.getContext(\"2d\");\n$('#board').attr('height', $('#board').css('height'));\n$('#board').attr('width', $('#board').css('width'));\n$(\"#board\").click(function (e) {\n\tvar x = e.pageX - this.offsetLeft;\n\tvar y = e.pageY - this.offsetTop;\n\tvar paper = board_canvas.getContext(\"2d\");\n\tpaper.beginPath();\n\tpaper.arc(x, y, 10, 0, 2 * Math.PI);\n\tpaper.stroke();\n});","ast":null,"map":{"version":3,"sources":["/client/notmain.js"],"names":["Template","module","import","v","Mongo","ReactiveVar","Board","Collection","Meteor","isClient","bname","events","insert","info","$","val","Router","configure","layoutTemplate","route","name","template","board_canvas","document","getElementById","paper","getContext","attr","css","click","e","x","pageX","offsetLeft","y","pageY","offsetTop","beginPath","arc","Math","PI","stroke"],"mappings":"AAAA,IAAIA,iBAAJ;AAAaC,OAAOC,MAAP,CAAc,mBAAd,EAAkC;AAAC,aAAW,UAASC,CAAT,EAAW;AAACH,aAASG,CAAT;AAAW;AAAnC,CAAlC,EAAuE,CAAvE;AAA0E,IAAIC,cAAJ;AAAUH,OAAOC,MAAP,CAAc,cAAd,EAA6B;AAAC,UAAQ,UAASC,CAAT,EAAW;AAACC,UAAMD,CAAN;AAAQ;AAA7B,CAA7B,EAA4D,CAA5D;AAA+D,IAAIE,oBAAJ;AAAgBJ,OAAOC,MAAP,CAAc,qBAAd,EAAoC;AAAC,gBAAc,UAASC,CAAT,EAAW;AAACE,gBAAYF,CAAZ;AAAc;AAAzC,CAApC,EAA+E,CAA/E;AAAkFF,OAAOC,MAAP,CAAc,aAAd;AAKlQ;AACAI,QAAQ,IAAIF,MAAMG,UAAV,CAAqB,OAArB,CAAR,C,CAGA;;AACA,IAAIC,OAAOC,QAAX,EAAoB;AACnBT,UAASU,KAAT,CAAeC,MAAf,CAAsB;AACrB,mBAAiB,YAAU;AAC1BL,SAAMM,MAAN,CAAa;AACZC,UAAMC,EAAE,YAAF,EAAgBC,GAAhB;AADM,IAAb;AAGAD,KAAE,YAAF,EAAgBC,GAAhB,CAAoB,EAApB;AACA;AANoB,EAAtB;AAQA;;AACDC,OAAOC,SAAP,CAAiB;AAChBC,iBAAe;AADC,CAAjB,E,CAGA;;AACAF,OAAOG,KAAP,CAAa,GAAb,EAAkB;AACjBC,OAAM,MADW;AAEjB;AACAC,WAAU;AAHO,CAAlB;AAKAL,OAAOG,KAAP,CAAa,aAAb;AAEA,IAAIG,eAAeC,SAASC,cAAT,CAAwB,OAAxB,CAAnB;AACA,IAAIC,QAAQH,aAAaI,UAAb,CAAwB,IAAxB,CAAZ;AAGAZ,EAAE,QAAF,EAAYa,IAAZ,CAAiB,QAAjB,EAA2Bb,EAAE,QAAF,EAAYc,GAAZ,CAAgB,QAAhB,CAA3B;AACAd,EAAE,QAAF,EAAYa,IAAZ,CAAiB,OAAjB,EAA0Bb,EAAE,QAAF,EAAYc,GAAZ,CAAgB,OAAhB,CAA1B;AACAd,EAAE,QAAF,EAAYe,KAAZ,CAAkB,UAASC,CAAT,EAAW;AAEzB,KAAIC,IAAID,EAAEE,KAAF,GAAU,KAAKC,UAAvB;AACH,KAAIC,IAAIJ,EAAEK,KAAF,GAAU,KAAKC,SAAvB;AACA,KAAIX,QAAQH,aAAaI,UAAb,CAAwB,IAAxB,CAAZ;AACGD,OAAMY,SAAN;AACAZ,OAAMa,GAAN,CAAUP,CAAV,EAAaG,CAAb,EAAgB,EAAhB,EAAmB,CAAnB,EAAsB,IAAEK,KAAKC,EAA7B;AACAf,OAAMgB,MAAN;AACH,CARD","file":"/client/notmain.js.map","sourcesContent":["import { Template } from 'meteor/templating';\nimport { Mongo } from 'meteor/mongo';\nimport { ReactiveVar } from 'meteor/reactive-var';\n\nimport './main.html';\n//import '../imports/ui/body.js';\nBoard = new Mongo.Collection('board');\n\n\n//Saves board information to Collection\nif (Meteor.isClient){\n\tTemplate.bname.events({\n\t\t'click .submit': function(){\n\t\t\tBoard.insert({\n\t\t\t\tinfo: $('.boardname').val()\t\n\t\t\t});\n\t\t\t$('.boardname').val('');\n\t\t}\n\t});\n}\nRouter.configure({\n\tlayoutTemplate:\"main\"\n});\n//define routes\nRouter.route('/', {\n\tname: 'home',\n\t//defining the template option in the JSON format\n\ttemplate: 'home'\n});\nRouter.route('/startboard');\n\nvar board_canvas = document.getElementById(\"board\");\nvar paper = board_canvas.getContext(\"2d\");\n\n\n$('#board').attr('height', $('#board').css('height'));\n$('#board').attr('width', $('#board').css('width'));\n$(\"#board\").click(function(e){ \n\n    var x = e.pageX - this.offsetLeft;\n\tvar y = e.pageY - this.offsetTop; \n\tvar paper = board_canvas.getContext(\"2d\");\n    paper.beginPath();\n    paper.arc(x, y, 10,0, 2*Math.PI);\n    paper.stroke();\n});\n"]},"hash":"8c3e7bee14b492a3a3ad355c34436d32022bdfb2"}
