{"metadata":{"usedHelpers":[],"marked":[],"modules":{"imports":[],"exports":{"exported":[],"specifiers":[]}}},"options":{"filename":"/draw/public/sketch.js","filenameRelative":"/draw/public/sketch.js","env":{"development":{"plugins":[]}},"retainLines":false,"highlightCode":true,"suppressDeprecationMessages":false,"presets":[],"plugins":[[[],{"polyfill":false}],[[],null],[[],null],[[],{"allowTopLevelThis":true,"strict":false,"loose":true}],[[],null],[[],null],[[],null],[[],null],[[],null],[[],null],[[],null],[[],null],[[],null],[[],null],[[],null],[[],null],[[],null],[[],{"loose":true}],[[],{"loose":true}],[[],null],[[],{"loose":true}],[[],null],[[],null],[[],null],[[],null],[[],null],[[],null],[[],{"loose":true}],[[],null],[[],null],[[],null],[[],null],[[],null],[[],null],[[],null]],"ignore":[],"code":true,"metadata":true,"ast":false,"comments":true,"compact":false,"minified":false,"sourceMap":true,"sourceMaps":true,"sourceMapTarget":"/draw/public/sketch.js.map","sourceFileName":"/draw/public/sketch.js","babelrc":false,"sourceType":"module","moduleIds":false,"passPerPreset":false,"parserOpts":false,"generatorOpts":false,"basename":"sketch"},"ignored":false,"code":"function setup() {\n\tcreateCanvas(200, 200);\n}\n\nfunction draw() {\n\tbackground(51);\n\tellipse(mouseX, mouseY, 60, 60);\n}","ast":null,"map":{"version":3,"sources":["/draw/public/sketch.js"],"names":["setup","createCanvas","draw","background","ellipse","mouseX","mouseY"],"mappings":"AAAA,SAASA,KAAT,GAAgB;AACfC,cAAa,GAAb,EAAkB,GAAlB;AACA;;AAED,SAASC,IAAT,GAAe;AACdC,YAAW,EAAX;AACAC,SAAQC,MAAR,EAAgBC,MAAhB,EAAwB,EAAxB,EAA4B,EAA5B;AACA","file":"/draw/public/sketch.js.map","sourcesContent":["function setup(){\r\n\tcreateCanvas(200, 200);\r\n}\r\n\r\nfunction draw(){\r\n\tbackground(51);\r\n\tellipse(mouseX, mouseY, 60, 60);\r\n}"]},"hash":"ec1990b9d584962bbf6dcd60ec123b4403766033"}
